StartTime,Generation
2024-01-01 00:00:00,2013.9
2024-01-01 00:30:00,2219.4
2024-01-01 01:00:00,2419.9
2024-01-01 01:30:00,2601.5
2024-01-01 02:00:00,2753.4
2024-01-01 02:30:00,2870.6
2024-01-01 03:00:00,2954.1
2024-01-01 03:30:00,3010.3
2024-01-01 04:00:00,3049.0
2024-01-01 04:30:00,3080.7
2024-01-01 05:00:00,3113.3
2024-01-01 05:30:00,3150.3
2024-01-01 06:00:00,3189.8
2024-01-01 06:30:00,3224.3
2024-01-01 07:00:00,3243.1
2024-01-01 07:30:00,3234.5
2024-01-01 08:00:00,3189.3
2024-01-01 08:30:00,3102.6
2024-01-01 09:00:00,2975.9
2024-01-01 09:30:00,2816.5
2024-01-01 10:00:00,2636.7
2024-01-01 10:30:00,2450.7
2024-01-01 11:00:00,2272.0
2024-01-01 11:30:00,2110.6
2024-01-01 12:00:00,1970.8
2024-01-01 12:30:00,1851.2
2024-01-01 13:00:00,1745.6
2024-01-01 13:30:00,1644.5
2024-01-01 14:00:00,1539.0
2024-01-01 14:30:00,1422.8
2024-01-01 15:00:00,1294.7
2024-01-01 15:30:00,1159.1
2024-01-01 16:00:00,1025.7
2024-01-01 16:30:00,907.2
2024-01-01 17:00:00,816.9
2024-01-01 17:30:00,765.4
2024-01-01 18:00:00,758.3
2024-01-01 18:30:00,795.1
2024-01-01 19:00:00,869.0
2024-01-01 19:30:00,968.9
2024-01-01 20:00:00,1081.9
2024-01-01 20:30:00,1196.1
2024-01-01 21:00:00,1303.4
2024-01-01 21:30:00,1401.1
2024-01-01 22:00:00,1492.2
2024-01-01 22:30:00,1584.0
2024-01-01 23:00:00,1686.2
2024-01-01 23:30:00,1807.6
2024-01-02 00:00:00,1956.9
2024-01-02 00:30:00,2127.3
2024-01-02 01:00:00,2316.1
2024-01-02 01:30:00,2512.2
2024-01-02 02:00:00,2701.3
2024-01-02 02:30:00,2869.3
2024-01-02 03:00:00,3004.8
2024-01-02 03:30:00,3101.4
2024-01-02 04:00:00,3159.1
2024-01-02 04:30:00,3183.5
2024-01-02 05:00:00,3184.6
2024-01-02 05:30:00,3173.6
2024-01-02 06:00:00,3160.0
2024-01-02 06:30:00,3149.7
2024-01-02 07:00:00,3142.7
2024-01-02 07:30:00,3133.8
2024-01-02 08:00:00,3113.8
2024-01-02 08:30:00,3071.6
2024-01-02 09:00:00,2997.8
2024-01-02 09:30:00,2886.8
2024-01-02 10:00:00,2739.0
2024-01-02 10:30:00,2560.9
2024-01-02 11:00:00,2363.9
2024-01-02 11:30:00,2162.5
2024-01-02 12:00:00,1970.9
2024-01-02 12:30:00,1800.3
2024-01-02 13:00:00,1656.9
2024-01-02 13:30:00,1540.7
2024-01-02 14:00:00,1446.3
2024-01-02 14:30:00,1364.8
2024-01-02 15:00:00,1286.3
2024-01-02 15:30:00,1203.3
2024-01-02 16:00:00,1112.5
2024-01-02 16:30:00,1016.2
2024-01-02 17:00:00,922.3
2024-01-02 17:30:00,842.2
2024-01-02 18:00:00,788.5
2024-01-02 18:30:00,772.2
2024-01-02 19:00:00,799.4
2024-01-02 19:30:00,870.6
2024-01-02 20:00:00,979.7
2024-01-02 20:30:00,1115.9
2024-01-02 21:00:00,1265.7
2024-01-02 21:30:00,1416.0
2024-01-02 22:00:00,1556.8
2024-01-02 22:30:00,1683.4
2024-01-02 23:00:00,1796.9
2024-01-02 23:30:00,1903.3
2024-01-03 00:00:00,2015.1
2024-01-03 00:30:00,2134.5
2024-01-03 01:00:00,2271.4
2024-01-03 01:30:00,2427.4
2024-01-03 02:00:00,2598.1
2024-01-03 02:30:00,2773.7
2024-01-03 03:00:00,2941.0
2024-01-03 03:30:00,3086.0
2024-01-03 04:00:00,3196.6
2024-01-03 04:30:00,3265.7
2024-01-03 05:00:00,3292.1
2024-01-03 05:30:00,3280.9
2024-01-03 06:00:00,3241.8
2024-01-03 06:30:00,3186.7
2024-01-03 07:00:00,3126.7
2024-01-03 07:30:00,3069.6
2024-01-03 08:00:00,3017.9
2024-01-03 08:30:00,2968.4
2024-01-03 09:00:00,2913.3
2024-01-03 09:30:00,2842.6
2024-01-03 10:00:00,2746.8
2024-01-03 10:30:00,2619.5
2024-01-03 11:00:00,2459.9
2024-01-03 11:30:00,2273.2
2024-01-03 12:00:00,2070.0
2024-01-03 12:30:00,1864.5
2024-01-03 13:00:00,1671.2
2024-01-03 13:30:00,1502.5
2024-01-03 14:00:00,1365.8
2024-01-03 14:30:00,1262.5
2024-01-03 15:00:00,1188.2
2024-01-03 15:30:00,1134.1
2024-01-03 16:00:00,1090.1
2024-01-03 16:30:00,1046.9
2024-01-03 17:00:00,999.4
2024-01-03 17:30:00,947.7
2024-01-03 18:00:00,897.4
2024-01-03 18:30:00,858.6
2024-01-03 19:00:00,843.1
2024-01-03 19:30:00,861.7
2024-01-03 20:00:00,921.2
2024-01-03 20:30:00,1023.0
2024-01-03 21:00:00,1162.0
2024-01-03 21:30:00,1327.6
2024-01-03 22:00:00,1506.3
2024-01-03 22:30:00,1684.1
2024-01-03 23:00:00,1849.3
2024-01-03 23:30:00,1995.5
2024-01-04 00:00:00,2125.3
2024-01-04 00:30:00,2236.7
2024-01-04 01:00:00,2341.3
2024-01-04 01:30:00,2448.7
2024-01-04 02:00:00,2566.5
2024-01-04 02:30:00,2697.8
2024-01-04 03:00:00,2840.2
2024-01-04 03:30:00,2985.8
2024-01-04 04:00:00,3122.4
2024-01-04 04:30:00,3236.5
2024-01-04 05:00:00,3315.9
2024-01-04 05:30:00,3352.7
2024-01-04 06:00:00,3344.9
2024-01-04 06:30:00,3296.7
2024-01-04 07:00:00,3217.5
2024-01-04 07:30:00,3119.9
2024-01-04 08:00:00,3016.1
2024-01-04 08:30:00,2915.8
2024-01-04 09:00:00,2823.7
2024-01-04 09:30:00,2738.8
2024-01-04 10:00:00,2655.0
2024-01-04 10:30:00,2563.0
2024-01-04 11:00:00,2453.4
2024-01-04 11:30:00,2319.1
2024-01-04 12:00:00,2158.0
2024-01-04 12:30:00,1973.8
2024-01-04 13:00:00,1775.9
2024-01-04 13:30:00,1577.8
2024-01-04 14:00:00,1394.1
2024-01-04 14:30:00,1237.7
2024-01-04 15:00:00,1117.2
2024-01-04 15:30:00,1035.2
2024-01-04 16:00:00,988.2
2024-01-04 16:30:00,967.9
2024-01-04 17:00:00,963.5
2024-01-04 17:30:00,964.4
2024-01-04 18:00:00,963.6
2024-01-04 18:30:00,958.9
2024-01-04 19:00:00,953.7
2024-01-04 19:30:00,956.4
2024-01-04 20:00:00,977.7
2024-01-04 20:30:00,1028.3
2024-01-04 21:00:00,1115.6
2024-01-04 21:30:00,1241.8
2024-01-04 22:00:00,1402.9
2024-01-04 22:30:00,1589.2
2024-01-04 23:00:00,1787.0
2024-01-04 23:30:00,1982.0
2024-01-05 00:00:00,2164.7
2024-01-05 00:30:00,2320.1
2024-01-05 01:00:00,2449.2
2024-01-05 01:30:00,2555.6
2024-01-05 02:00:00,2646.9
2024-01-05 02:30:00,2733.0
2024-01-05 03:00:00,2822.4
2024-01-05 03:30:00,2920.1
2024-01-05 04:00:00,3025.8
2024-01-05 04:30:00,3133.5
2024-01-05 05:00:00,3232.5
2024-01-05 05:30:00,3310.2
2024-01-05 06:00:00,3354.5
2024-01-05 06:30:00,3356.9
2024-01-05 07:00:00,3314.5
2024-01-05 07:30:00,3230.6
2024-01-05 08:00:00,3114.3
2024-01-05 08:30:00,2978.4
2024-01-05 09:00:00,2836.1
2024-01-05 09:30:00,2698.8
2024-01-05 10:00:00,2573.3
2024-01-05 10:30:00,2460.4
2024-01-05 11:00:00,2355.9
2024-01-05 11:30:00,2251.4
2024-01-05 12:00:00,2137.5
2024-01-05 12:30:00,2006.3
2024-01-05 13:00:00,1854.4
2024-01-05 13:30:00,1683.9
2024-01-05 14:00:00,1502.6
2024-01-05 14:30:00,1323.0
2024-01-05 15:00:00,1159.1
2024-01-05 15:30:00,1024.4
2024-01-05 16:00:00,928.2
2024-01-05 16:30:00,874.2
2024-01-05 17:00:00,859.8
2024-01-05 17:30:00,877.1
2024-01-05 18:00:00,914.8
2024-01-05 18:30:00,961.4
2024-01-05 19:00:00,1007.8
2024-01-05 19:30:00,1049.6
2024-01-05 20:00:00,1088.1
2024-01-05 20:30:00,1129.7
2024-01-05 21:00:00,1184.0
2024-01-05 21:30:00,1261.3
2024-01-05 22:00:00,1369.5
2024-01-05 22:30:00,1512.0
2024-01-05 23:00:00,1685.8
2024-01-05 23:30:00,1882.2
2024-01-06 00:00:00,2091.7
2024-01-06 00:30:00,2292.6
2024-01-06 01:00:00,2474.9
2024-01-06 01:30:00,2628.8
2024-01-06 02:00:00,2750.7
2024-01-06 02:30:00,2842.7
2024-01-06 03:00:00,2912.0
2024-01-06 03:30:00,2968.6
2024-01-06 04:00:00,3022.1
2024-01-06 04:30:00,3079.3
2024-01-06 05:00:00,3142.0
2024-01-06 05:30:00,3206.4
2024-01-06 06:00:00,3263.6
2024-01-06 06:30:00,3302.0
2024-01-06 07:00:00,3309.9
2024-01-06 07:30:00,3278.3
2024-01-06 08:00:00,3203.5
2024-01-06 08:30:00,3088.0
2024-01-06 09:00:00,2940.2
2024-01-06 09:30:00,2772.7
2024-01-06 10:00:00,2599.7
2024-01-06 10:30:00,2433.8
2024-01-06 11:00:00,2283.6
2024-01-06 11:30:00,2151.9
2024-01-06 12:00:00,2036.0
2024-01-06 12:30:00,1928.6
2024-01-06 13:00:00,1820.3
2024-01-06 13:30:00,1702.5
2024-01-06 14:00:00,1570.3
2024-01-06 14:30:00,1424.0
2024-01-06 15:00:00,1269.6
2024-01-06 15:30:00,1118.1
2024-01-06 16:00:00,983.0
2024-01-06 16:30:00,877.6
2024-01-06 17:00:00,811.7
2024-01-06 17:30:00,790.2
2024-01-06 18:00:00,811.2
2024-01-06 18:30:00,867.3
2024-01-06 19:00:00,947.0
2024-01-06 19:30:00,1038.0
2024-01-06 20:00:00,1129.2
2024-01-06 20:30:00,1214.4
2024-01-06 21:00:00,1292.3
2024-01-06 21:30:00,1367.6
2024-01-06 22:00:00,1448.6
2024-01-06 22:30:00,1545.3
2024-01-06 23:00:00,1666.1
2024-01-06 23:30:00,1815.1
2024-01-07 00:00:00,1994.5
2024-01-07 00:30:00,2189.9
2024-01-07 01:00:00,2392.6
2024-01-07 01:30:00,2588.1
2024-01-07 02:00:00,2762.2
2024-01-07 02:30:00,2904.6
2024-01-07 03:00:00,3009.9
2024-01-07 03:30:00,3079.3
2024-01-07 04:00:00,3119.4
2024-01-07 04:30:00,3140.2
2024-01-07 05:00:00,3152.5
2024-01-07 05:30:00,3164.7
2024-01-07 06:00:00,3180.7
2024-01-07 06:30:00,3199.1
2024-01-07 07:00:00,3213.0
2024-01-07 07:30:00,3211.9
2024-01-07 08:00:00,3184.8
2024-01-07 08:30:00,3122.3
2024-01-07 09:00:00,3020.0
2024-01-07 09:30:00,2879.3
2024-01-07 10:00:00,2707.8
2024-01-07 10:30:00,2517.8
2024-01-07 11:00:00,2323.7
2024-01-07 11:30:00,2139.2
2024-01-07 12:00:00,1974.4
2024-01-07 12:30:00,1834.0
2024-01-07 13:00:00,1716.7
2024-01-07 13:30:00,1616.2
2024-01-07 14:00:00,1523.2
2024-01-07 14:30:00,1428.4
2024-01-07 15:00:00,1325.4
2024-01-07 15:30:00,1212.4
2024-01-07 16:00:00,1093.6
2024-01-07 16:30:00,978.1
2024-01-07 17:00:00,878.6
2024-01-07 17:30:00,807.7
2024-01-07 18:00:00,776.0
2024-01-07 18:30:00,788.8
2024-01-07 19:00:00,845.4
2024-01-07 19:30:00,938.8
2024-01-07 20:00:00,1057.7
2024-01-07 20:30:00,1188.7
2024-01-07 21:00:00,1319.8
2024-01-07 21:30:00,1442.3
2024-01-07 22:00:00,1553.1
2024-01-07 22:30:00,1654.8
2024-01-07 23:00:00,1754.6
2024-01-07 23:30:00,1861.9
2024-01-08 00:00:00,1988.8
2024-01-08 00:30:00,2134.1
2024-01-08 01:00:00,2301.2
2024-01-08 01:30:00,2484.2
2024-01-08 02:00:00,2672.2
2024-01-08 02:30:00,2851.2
2024-01-08 03:00:00,3007.2
2024-01-08 03:30:00,3128.7
2024-01-08 04:00:00,3209.7
2024-01-08 04:30:00,3250.1
2024-01-08 05:00:00,3255.9
2024-01-08 05:30:00,3237.1
2024-01-08 06:00:00,3205.3
2024-01-08 06:30:00,3170.7
2024-01-08 07:00:00,3139.3
2024-01-08 07:30:00,3111.9
2024-01-08 08:00:00,3083.7
2024-01-08 08:30:00,3045.8
2024-01-08 09:00:00,2987.6
2024-01-08 09:30:00,2899.8
2024-01-08 10:00:00,2777.0
2024-01-08 10:30:00,2619.6
2024-01-08 11:00:00,2434.0
2024-01-08 11:30:00,2231.8
2024-01-08 12:00:00,2027.6
2024-01-08 12:30:00,1835.5
2024-01-08 13:00:00,1667.0
2024-01-08 13:30:00,1528.3
2024-01-08 14:00:00,1419.4
2024-01-08 14:30:00,1335.1
2024-01-08 15:00:00,1266.1
2024-01-08 15:30:00,1202.6
2024-01-08 16:00:00,1136.4
2024-01-08 16:30:00,1064.0
2024-01-08 17:00:00,987.3
2024-01-08 17:30:00,913.5
2024-01-08 18:00:00,853.8
2024-01-08 18:30:00,820.3
2024-01-08 19:00:00,823.8
2024-01-08 19:30:00,870.2
2024-01-08 20:00:00,959.8
2024-01-08 20:30:00,1086.3
2024-01-08 21:00:00,1238.7
2024-01-08 21:30:00,1403.2
2024-01-08 22:00:00,1566.5
2024-01-08 22:30:00,1718.2
2024-01-08 23:00:00,1853.3
2024-01-08 23:30:00,1972.6
2024-01-09 00:00:00,2085.2
2024-01-09 00:30:00,2193.4
2024-01-09 01:00:00,2309.7
2024-01-09 01:30:00,2440.7
2024-01-09 02:00:00,2588.2
2024-01-09 02:30:00,2748.1
2024-01-09 03:00:00,2911.0
2024-01-09 03:30:00,3063.8
2024-01-09 04:00:00,3192.8
2024-01-09 04:30:00,3286.3
2024-01-09 05:00:00,3337.0
2024-01-09 05:30:00,3344.2
2024-01-09 06:00:00,3313.0
2024-01-09 06:30:00,3253.4
2024-01-09 07:00:00,3177.6
2024-01-09 07:30:00,3097.3
2024-01-09 08:00:00,3020.6
2024-01-09 08:30:00,2950.5
2024-01-09 09:00:00,2884.2
2024-01-09 09:30:00,2814.5
2024-01-09 10:00:00,2731.5
2024-01-09 10:30:00,2625.9
2024-01-09 11:00:00,2491.4
2024-01-09 11:30:00,2327.1
2024-01-09 12:00:00,2138.2
2024-01-09 12:30:00,1935.2
2024-01-09 13:00:00,1732.3
2024-01-09 13:30:00,1543.9
2024-01-09 14:00:00,1382.5
2024-01-09 14:30:00,1255.4
2024-01-09 15:00:00,1164.0
2024-01-09 15:30:00,1103.9
2024-01-09 16:00:00,1066.2
2024-01-09 16:30:00,1040.2
2024-01-09 17:00:00,1016.6
2024-01-09 17:30:00,989.6
2024-01-09 18:00:00,958.8
2024-01-09 18:30:00,929.5
2024-01-09 19:00:00,911.1
2024-01-09 19:30:00,915.2
2024-01-09 20:00:00,952.2
2024-01-09 20:30:00,1028.9
2024-01-09 21:00:00,1146.3
2024-01-09 21:30:00,1299.4
2024-01-09 22:00:00,1477.4
2024-01-09 22:30:00,1666.5
2024-01-09 23:00:00,1852.5
2024-01-09 23:30:00,2023.7
2024-01-10 00:00:00,2176.6
2024-01-10 00:30:00,2303.5
2024-01-10 01:00:00,2412.4
2024-01-10 01:30:00,2511.7
2024-01-10 02:00:00,2610.9
2024-01-10 02:30:00,2717.8
2024-01-10 03:00:00,2836.0
2024-01-10 03:30:00,2963.3
2024-01-10 04:00:00,3092.2
2024-01-10 04:30:00,3211.0
2024-01-10 05:00:00,3306.4
2024-01-10 05:30:00,3366.5
2024-01-10 06:00:00,3383.6
2024-01-10 06:30:00,3355.9
2024-01-10 07:00:00,3287.7
2024-01-10 07:30:00,3188.9
2024-01-10 08:00:00,3072.1
2024-01-10 08:30:00,2950.0
2024-01-10 09:00:00,2832.8
2024-01-10 09:30:00,2725.6
2024-01-10 10:00:00,2627.7
2024-01-10 10:30:00,2533.4
2024-01-10 11:00:00,2433.7
2024-01-10 11:30:00,2319.1
2024-01-10 12:00:00,2182.8
2024-01-10 12:30:00,2022.3
2024-01-10 13:00:00,1841.3
2024-01-10 13:30:00,1649.1
2024-01-10 14:00:00,1458.8
2024-01-10 14:30:00,1285.1
2024-01-10 15:00:00,1140.6
2024-01-10 15:30:00,1034.0
2024-01-10 16:00:00,967.7
2024-01-10 16:30:00,938.1
2024-01-10 17:00:00,936.7
2024-01-10 17:30:00,952.3
2024-01-10 18:00:00,974.1
2024-01-10 18:30:00,994.4
2024-01-10 19:00:00,1010.7
2024-01-10 19:30:00,1025.8
2024-01-10 20:00:00,1047.6
2024-01-10 20:30:00,1086.6
2024-01-10 21:00:00,1153.0
2024-01-10 21:30:00,1254.2
2024-01-10 22:00:00,1392.3
2024-01-10 22:30:00,1563.1
2024-01-10 23:00:00,1757.0
2024-01-10 23:30:00,1960.2
2024-01-11 00:00:00,2161.6
2024-01-11 00:30:00,2341.4
2024-01-11 01:00:00,2494.8
2024-01-11 01:30:00,2619.2
2024-01-11 02:00:00,2718.1
2024-01-11 02:30:00,2799.2
2024-01-11 03:00:00,2872.5
2024-01-11 03:30:00,2946.8
2024-01-11 04:00:00,3027.6
2024-01-11 04:30:00,3114.9
2024-01-11 05:00:00,3203.2
2024-01-11 05:30:00,3282.3
2024-01-11 06:00:00,3339.8
2024-01-11 06:30:00,3364.1
2024-01-11 07:00:00,3346.7
2024-01-11 07:30:00,3285.1
2024-01-11 08:00:00,3182.7
2024-01-11 08:30:00,3048.9
2024-01-11 09:00:00,2896.5
2024-01-11 09:30:00,2739.4
2024-01-11 10:00:00,2589.0
2024-01-11 10:30:00,2452.5
2024-01-11 11:00:00,2331.2
2024-01-11 11:30:00,2221.1
2024-01-11 12:00:00,2113.9
2024-01-11 12:30:00,2000.3
2024-01-11 13:00:00,1872.4
2024-01-11 13:30:00,1726.5
2024-01-11 14:00:00,1564.4
2024-01-11 14:30:00,1393.8
2024-01-11 15:00:00,1226.7
2024-01-11 15:30:00,1077.2
2024-01-11 16:00:00,958.2
2024-01-11 16:30:00,879.1
2024-01-11 17:00:00,843.5
2024-01-11 17:30:00,848.5
2024-01-11 18:00:00,885.9
2024-01-11 18:30:00,944.3
2024-01-11 19:00:00,1011.7
2024-01-11 19:30:00,1078.6
2024-01-11 20:00:00,1140.1
2024-01-11 20:30:00,1196.8
2024-01-11 21:00:00,1254.9
2024-01-11 21:30:00,1323.7
2024-01-11 22:00:00,1413.1
2024-01-11 22:30:00,1531.1
2024-01-11 23:00:00,1680.7
2024-01-11 23:30:00,1859.2
2024-01-12 00:00:00,2061.4
2024-01-12 00:30:00,2267.5
2024-01-12 01:00:00,2466.0
2024-01-12 01:30:00,2643.4
2024-01-12 02:00:00,2790.2
2024-01-12 02:30:00,2902.4
2024-01-12 03:00:00,2982.3
2024-01-12 03:30:00,3037.3
2024-01-12 04:00:00,3077.3
2024-01-12 04:30:00,3112.5
2024-01-12 05:00:00,3150.1
2024-01-12 05:30:00,3192.4
2024-01-12 06:00:00,3235.9
2024-01-12 06:30:00,3272.4
2024-01-12 07:00:00,3290.6
2024-01-12 07:30:00,3279.0
2024-01-12 08:00:00,3229.1
2024-01-12 08:30:00,3137.1
2024-01-12 09:00:00,3005.9
2024-01-12 09:30:00,2843.9
2024-01-12 10:00:00,2663.9
2024-01-12 10:30:00,2480.3
2024-01-12 11:00:00,2306.0
2024-01-12 11:30:00,2149.7
2024-01-12 12:00:00,2014.8
2024-01-12 12:30:00,1898.5
2024-01-12 13:00:00,1793.7
2024-01-12 13:30:00,1691.0
2024-01-12 14:00:00,1581.6
2024-01-12 14:30:00,1460.3
2024-01-12 15:00:00,1327.1
2024-01-12 15:30:00,1187.7
2024-01-12 16:00:00,1052.6
2024-01-12 16:30:00,935.2
2024-01-12 17:00:00,848.2
2024-01-12 17:30:00,801.6
2024-01-12 18:00:00,799.7
2024-01-12 18:30:00,840.8
2024-01-12 19:00:00,917.0
2024-01-12 19:30:00,1016.7
2024-01-12 20:00:00,1126.9
2024-01-12 20:30:00,1236.6
2024-01-12 21:00:00,1338.6
2024-01-12 21:30:00,1431.7
2024-01-12 22:00:00,1519.8
2024-01-12 22:30:00,1611.1
2024-01-12 23:00:00,1715.4
2024-01-12 23:30:00,1840.9
2024-01-13 00:00:00,1995.3
2024-01-13 00:30:00,2170.7
2024-01-13 01:00:00,2363.0
2024-01-13 01:30:00,2560.3
2024-01-13 02:00:00,2748.1
2024-01-13 02:30:00,2912.5
2024-01-13 03:00:00,3042.9
2024-01-13 03:30:00,3134.4
2024-01-13 04:00:00,3188.0
2024-01-13 04:30:00,3210.5
2024-01-13 05:00:00,3212.2
2024-01-13 05:30:00,3204.2
2024-01-13 06:00:00,3195.4
2024-01-13 06:30:00,3190.3
2024-01-13 07:00:00,3187.8
2024-01-13 07:30:00,3181.6
2024-01-13 08:00:00,3161.6
2024-01-13 08:30:00,3117.0
2024-01-13 09:00:00,3038.8
2024-01-13 09:30:00,2922.6
2024-01-13 10:00:00,2770.0
2024-01-13 10:30:00,2588.6
2024-01-13 11:00:00,2390.8
2024-01-13 11:30:00,2191.1
2024-01-13 12:00:00,2003.4
2024-01-13 12:30:00,1838.0
2024-01-13 13:00:00,1699.7
2024-01-13 13:30:00,1587.3
2024-01-13 14:00:00,1494.4
2024-01-13 14:30:00,1411.8
2024-01-13 15:00:00,1330.0
2024-01-13 15:30:00,1242.1
2024-01-13 16:00:00,1146.1
2024-01-13 16:30:00,1045.5
2024-01-13 17:00:00,949.3
2024-01-13 17:30:00,869.5
2024-01-13 18:00:00,818.7
2024-01-13 18:30:00,806.9
2024-01-13 19:00:00,839.4
2024-01-13 19:30:00,915.2
2024-01-13 20:00:00,1027.3
2024-01-13 20:30:00,1163.9
2024-01-13 21:00:00,1311.6
2024-01-13 21:30:00,1457.7
2024-01-13 22:00:00,1593.3
2024-01-13 22:30:00,1715.0
2024-01-13 23:00:00,1825.0
2024-01-13 23:30:00,1930.2
2024-01-14 00:00:00,2043.3
2024-01-14 00:30:00,2166.4
2024-01-14 01:00:00,2308.3
2024-01-14 01:30:00,2469.4
2024-01-14 02:00:00,2644.1
2024-01-14 02:30:00,2821.7
2024-01-14 03:00:00,2988.3
2024-01-14 03:30:00,3130.2
2024-01-14 04:00:00,3236.0
2024-01-14 04:30:00,3299.9
2024-01-14 05:00:00,3321.8
2024-01-14 05:30:00,3308.1
2024-01-14 06:00:00,3268.9
2024-01-14 06:30:00,3216.3
2024-01-14 07:00:00,3160.7
2024-01-14 07:30:00,3108.8
2024-01-14 08:00:00,3061.9
2024-01-14 08:30:00,3015.5
2024-01-14 09:00:00,2961.3
2024-01-14 09:30:00,2888.8
2024-01-14 10:00:00,2789.0
2024-01-14 10:30:00,2656.6
2024-01-14 11:00:00,2492.0
2024-01-14 11:30:00,2301.5
2024-01-14 12:00:00,2096.8
2024-01-14 12:30:00,1892.4
2024-01-14 13:00:00,1702.5
2024-01-14 13:30:00,1538.7
2024-01-14 14:00:00,1407.2
2024-01-14 14:30:00,1308.1
2024-01-14 15:00:00,1236.0
2024-01-14 15:30:00,1181.7
2024-01-14 16:00:00,1134.8
2024-01-14 16:30:00,1087.0
2024-01-14 17:00:00,1034.2
2024-01-14 17:30:00,977.9
2024-01-14 18:00:00,924.8
2024-01-14 18:30:00,885.6
2024-01-14 19:00:00,872.2
2024-01-14 19:30:00,895.0
2024-01-14 20:00:00,959.7
2024-01-14 20:30:00,1066.4
2024-01-14 21:00:00,1208.8
2024-01-14 21:30:00,1375.7
2024-01-14 22:00:00,1552.9
2024-01-14 22:30:00,1726.9
2024-01-14 23:00:00,1887.1
2024-01-14 23:30:00,2028.2
2024-01-15 00:00:00,2153.9
2024-01-15 00:30:00,2263.4
2024-01-15 01:00:00,2368.8
2024-01-15 01:30:00,2479.4
2024-01-15 02:00:00,2601.9
2024-01-15 02:30:00,2738.4
2024-01-15 03:00:00,2885.3
2024-01-15 03:30:00,3033.4
2024-01-15 04:00:00,3170.0
2024-01-15 04:30:00,3281.6
2024-01-15 05:00:00,3356.6
2024-01-15 05:30:00,3388.2
2024-01-15 06:00:00,3375.6
2024-01-15 06:30:00,3324.2
2024-01-15 07:00:00,3244.3
2024-01-15 07:30:00,3148.4
2024-01-15 08:00:00,3048.6
2024-01-15 08:30:00,2953.5
2024-01-15 09:00:00,2866.4
2024-01-15 09:30:00,2785.2
2024-01-15 10:00:00,2702.9
2024-01-15 10:30:00,2609.8
2024-01-15 11:00:00,2496.8
2024-01-15 11:30:00,2357.6
2024-01-15 12:00:00,2191.2
2024-01-15 12:30:00,2002.8
2024-01-15 13:00:00,1802.8
2024-01-15 13:30:00,1605.1
2024-01-15 14:00:00,1424.2
2024-01-15 14:30:00,1272.4
2024-01-15 15:00:00,1157.2
2024-01-15 15:30:00,1079.8
2024-01-15 16:00:00,1035.6
2024-01-15 16:30:00,1015.7
2024-01-15 17:00:00,1009.0
2024-01-15 17:30:00,1005.7
2024-01-15 18:00:00,999.7
2024-01-15 18:30:00,990.1
2024-01-15 19:00:00,981.5
2024-01-15 19:30:00,983.1
2024-01-15 20:00:00,1005.9
2024-01-15 20:30:00,1060.2
2024-01-15 21:00:00,1152.6
2024-01-15 21:30:00,1283.9
2024-01-15 22:00:00,1448.9
2024-01-15 22:30:00,1637.0
2024-01-15 23:00:00,1834.1
2024-01-15 23:30:00,2025.9
2024-01-16 00:00:00,2203.7
2024-01-16 00:30:00,2353.9
2024-01-16 01:00:00,2478.6
2024-01-16 01:30:00,2582.5
2024-01-16 02:00:00,2673.9
2024-01-16 02:30:00,2762.5
2024-01-16 03:00:00,2856.3
2024-01-16 03:30:00,2959.3
2024-01-16 04:00:00,3069.7
2024-01-16 04:30:00,3180.5
2024-01-16 05:00:00,3280.3
2024-01-16 05:30:00,3356.1
2024-01-16 06:00:00,3396.4
2024-01-16 06:30:00,3393.6
2024-01-16 07:00:00,3346.2
2024-01-16 07:30:00,3258.6
2024-01-16 08:00:00,3140.9
2024-01-16 08:30:00,3006.1
2024-01-16 09:00:00,2867.3
2024-01-16 09:30:00,2735.0
2024-01-16 10:00:00,2614.6
2024-01-16 10:30:00,2505.9
2024-01-16 11:00:00,2403.5
2024-01-16 11:30:00,2298.6
2024-01-16 12:00:00,2181.8
2024-01-16 12:30:00,2046.0
2024-01-16 13:00:00,1888.9
2024-01-16 13:30:00,1713.8
2024-01-16 14:00:00,1529.7
2024-01-16 14:30:00,1349.7
2024-01-16 15:00:00,1188.2
2024-01-16 15:30:00,1057.7
2024-01-16 16:00:00,966.7
2024-01-16 16:30:00,917.5
2024-01-16 17:00:00,906.5
2024-01-16 17:30:00,924.9
2024-01-16 18:00:00,961.0
2024-01-16 18:30:00,1003.9
2024-01-16 19:00:00,1045.2
2024-01-16 19:30:00,1081.9
2024-01-16 20:00:00,1116.5
2024-01-16 20:30:00,1156.3
2024-01-16 21:00:00,1211.4
2024-01-16 21:30:00,1291.9
2024-01-16 22:00:00,1405.0
2024-01-16 22:30:00,1552.7
2024-01-16 23:00:00,1730.9
2024-01-16 23:30:00,1929.8
2024-01-17 00:00:00,2139.1
2024-01-17 00:30:00,2337.4
2024-01-17 01:00:00,2515.1
2024-01-17 01:30:00,2663.9
2024-01-17 02:00:00,2781.0
2024-01-17 02:30:00,2869.9
2024-01-17 03:00:00,2938.6
2024-01-17 03:30:00,2997.0
2024-01-17 04:00:00,3054.6
2024-01-17 04:30:00,3116.9
2024-01-17 05:00:00,3184.6
2024-01-17 05:30:00,3252.7
2024-01-17 06:00:00,3311.3
2024-01-17 06:30:00,3348.5
2024-01-17 07:00:00,3352.8
2024-01-17 07:30:00,3316.3
2024-01-17 08:00:00,3236.3
2024-01-17 08:30:00,3116.7
2024-01-17 09:00:00,2966.8
2024-01-17 09:30:00,2799.8
2024-01-17 10:00:00,2629.7
2024-01-17 10:30:00,2468.5
2024-01-17 11:00:00,2323.5
2024-01-17 11:30:00,2196.4
2024-01-17 12:00:00,2083.2
2024-01-17 12:30:00,1976.1
2024-01-17 13:00:00,1865.5
2024-01-17 13:30:00,1743.5
2024-01-17 14:00:00,1606.0
2024-01-17 14:30:00,1454.8
2024-01-17 15:00:00,1297.1
2024-01-17 15:30:00,1144.6
2024-01-17 16:00:00,1011.1
2024-01-17 16:30:00,909.4
2024-01-17 17:00:00,848.7
2024-01-17 17:30:00,832.2
2024-01-17 18:00:00,857.1
2024-01-17 18:30:00,914.9
2024-01-17 19:00:00,993.8
2024-01-17 19:30:00,1081.5
2024-01-17 20:00:00,1168.0
2024-01-17 20:30:00,1247.8
2024-01-17 21:00:00,1321.4
2024-01-17 21:30:00,1394.3
2024-01-17 22:00:00,1475.5
2024-01-17 22:30:00,1574.8
2024-01-17 23:00:00,1700.1
2024-01-17 23:30:00,1854.4
2024-01-18 00:00:00,2038.3
2024-01-18 00:30:00,2236.8
2024-01-18 01:00:00,2440.1
2024-01-18 01:30:00,2633.6
2024-01-18 02:00:00,2803.7
2024-01-18 02:30:00,2940.8
2024-01-18 03:00:00,3041.2
2024-01-18 03:30:00,3107.0
2024-01-18 04:00:00,3145.8
2024-01-18 04:30:00,3167.8
2024-01-18 05:00:00,3183.6
2024-01-18 05:30:00,3200.8
2024-01-18 06:00:00,3222.0
2024-01-18 06:30:00,3244.5
2024-01-18 07:00:00,3260.4
2024-01-18 07:30:00,3258.9
2024-01-18 08:00:00,3228.7
2024-01-18 08:30:00,3161.6
2024-01-18 09:00:00,3054.0
2024-01-18 09:30:00,2908.8
2024-01-18 10:00:00,2734.6
2024-01-18 10:30:00,2544.4
2024-01-18 11:00:00,2352.6
2024-01-18 11:30:00,2172.4
2024-01-18 12:00:00,2012.8
2024-01-18 12:30:00,1877.3
2024-01-18 13:00:00,1763.3
2024-01-18 13:30:00,1663.7
2024-01-18 14:00:00,1569.1
2024-01-18 14:30:00,1470.5
2024-01-18 15:00:00,1362.3
2024-01-18 15:30:00,1244.3
2024-01-18 16:00:00,1121.6
2024-01-18 16:30:00,1004.5
2024-01-18 17:00:00,905.8
2024-01-18 17:30:00,838.3
2024-01-18 18:00:00,811.4
2024-01-18 18:30:00,829.4
2024-01-18 19:00:00,890.3
2024-01-18 19:30:00,986.1
2024-01-18 20:00:00,1104.8
2024-01-18 20:30:00,1233.2
2024-01-18 21:00:00,1359.7
2024-01-18 21:30:00,1477.0
2024-01-18 22:00:00,1583.1
2024-01-18 22:30:00,1681.8
2024-01-18 23:00:00,1781.0
2024-01-18 23:30:00,1890.3
2024-01-19 00:00:00,2021.2
2024-01-19 00:30:00,2171.7
2024-01-19 01:00:00,2343.7
2024-01-19 01:30:00,2530.3
2024-01-19 02:00:00,2719.6
2024-01-19 02:30:00,2897.3
2024-01-19 03:00:00,3049.7
2024-01-19 03:30:00,3166.3
2024-01-19 04:00:00,3242.1
2024-01-19 04:30:00,3278.4
2024-01-19 05:00:00,3282.2
2024-01-19 05:30:00,3264.0
2024-01-19 06:00:00,3235.2
2024-01-19 06:30:00,3205.2
2024-01-19 07:00:00,3179.1
2024-01-19 07:30:00,3156.2
2024-01-19 08:00:00,3130.7
2024-01-19 08:30:00,3093.0
2024-01-19 09:00:00,3032.4
2024-01-19 09:30:00,2940.3
2024-01-19 10:00:00,2812.3
2024-01-19 10:30:00,2650.0
2024-01-19 11:00:00,2461.1
2024-01-19 11:30:00,2258.0
2024-01-19 12:00:00,2055.4
2024-01-19 12:30:00,1867.2
2024-01-19 13:00:00,1703.8
2024-01-19 13:30:00,1570.2
2024-01-19 14:00:00,1465.2
2024-01-19 14:30:00,1382.5
2024-01-19 15:00:00,1312.5
2024-01-19 15:30:00,1245.7
2024-01-19 16:00:00,1174.7
2024-01-19 16:30:00,1097.1
2024-01-19 17:00:00,1016.0
2024-01-19 17:30:00,939.9
2024-01-19 18:00:00,880.4
2024-01-19 18:30:00,849.7
2024-01-19 19:00:00,857.7
2024-01-19 19:30:00,909.3
2024-01-19 20:00:00,1003.6
2024-01-19 20:30:00,1133.1
2024-01-19 21:00:00,1286.0
2024-01-19 21:30:00,1448.5
2024-01-19 22:00:00,1607.6
2024-01-19 22:30:00,1754.1
2024-01-19 23:00:00,1884.3
2024-01-19 23:30:00,2000.0
2024-01-20 00:00:00,2111.3
2024-01-20 00:30:00,2220.8
2024-01-20 01:00:00,2340.7
2024-01-20 01:30:00,2476.7
2024-01-20 02:00:00,2629.3
2024-01-20 02:30:00,2793.3
2024-01-20 03:00:00,2958.1
2024-01-20 03:30:00,3110.4
2024-01-20 04:00:00,3236.3
2024-01-20 04:30:00,3325.0
2024-01-20 05:00:00,3370.6
2024-01-20 05:30:00,3373.2
2024-01-20 06:00:00,3339.4
2024-01-20 06:30:00,3279.7
2024-01-20 07:00:00,3206.3
2024-01-20 07:30:00,3130.4
2024-01-20 08:00:00,3058.9
2024-01-20 08:30:00,2993.6
2024-01-20 09:00:00,2930.6
2024-01-20 09:30:00,2861.7
2024-01-20 10:00:00,2777.0
2024-01-20 10:30:00,2667.5
2024-01-20 11:00:00,2527.9
2024-01-20 11:30:00,2358.5
2024-01-20 12:00:00,2165.8
2024-01-20 12:30:00,1961.3
2024-01-20 13:00:00,1759.3
2024-01-20 13:30:00,1574.4
2024-01-20 14:00:00,1417.8
2024-01-20 14:30:00,1295.9
2024-01-20 15:00:00,1208.8
2024-01-20 15:30:00,1151.0
2024-01-20 16:00:00,1113.0
2024-01-20 16:30:00,1084.3
2024-01-20 17:00:00,1056.1
2024-01-20 17:30:00,1023.8
2024-01-20 18:00:00,988.3
2024-01-20 18:30:00,956.1
2024-01-20 19:00:00,937.3
2024-01-20 19:30:00,943.5
2024-01-20 20:00:00,984.6
2024-01-20 20:30:00,1066.5
2024-01-20 21:00:00,1188.9
2024-01-20 21:30:00,1345.4
2024-01-20 22:00:00,1524.6
2024-01-20 22:30:00,1712.3
2024-01-20 23:00:00,1894.7
2024-01-20 23:30:00,2060.9
2024-01-21 00:00:00,2208.5
2024-01-21 00:30:00,2331.4
2024-01-21 01:00:00,2438.4
2024-01-21 01:30:00,2538.3
2024-01-21 02:00:00,2640.6
2024-01-21 02:30:00,2752.2
2024-01-21 03:00:00,2875.6
2024-01-21 03:30:00,3007.4
2024-01-21 04:00:00,3138.9
2024-01-21 04:30:00,3257.8
2024-01-21 05:00:00,3350.7
2024-01-21 05:30:00,3406.5
2024-01-21 06:00:00,3418.4
2024-01-21 06:30:00,3385.8
2024-01-21 07:00:00,3314.5
2024-01-21 07:30:00,3214.8
2024-01-21 08:00:00,3099.7
2024-01-21 08:30:00,2981.6
2024-01-21 09:00:00,2869.5
2024-01-21 09:30:00,2767.4
2024-01-21 10:00:00,2673.2
2024-01-21 10:30:00,2580.4
2024-01-21 11:00:00,2479.7
2024-01-21 11:30:00,2361.8
2024-01-21 12:00:00,2220.5
2024-01-21 12:30:00,2054.8
2024-01-21 13:00:00,1869.6
2024-01-21 13:30:00,1675.1
2024-01-21 14:00:00,1485.2
2024-01-21 14:30:00,1314.2
2024-01-21 15:00:00,1174.4
2024-01-21 15:30:00,1073.0
2024-01-21 16:00:00,1011.3
2024-01-21 16:30:00,984.6
2024-01-21 17:00:00,983.6
2024-01-21 17:30:00,997.1
2024-01-21 18:00:00,1014.7
2024-01-21 18:30:00,1029.9
2024-01-21 19:00:00,1041.2
2024-01-21 19:30:00,1052.9
2024-01-21 20:00:00,1073.5
2024-01-21 20:30:00,1113.9
2024-01-21 21:00:00,1184.0
2024-01-21 21:30:00,1290.2
2024-01-21 22:00:00,1433.4
2024-01-21 22:30:00,1608.3
2024-01-21 23:00:00,1804.0
2024-01-21 23:30:00,2006.6
2024-01-22 00:00:00,2204.6
2024-01-22 00:30:00,2379.7
2024-01-22 01:00:00,2527.8
2024-01-22 01:30:00,2647.8
2024-01-22 02:00:00,2744.1
2024-01-22 02:30:00,2825.2
2024-01-22 03:00:00,2901.0
2024-01-22 03:30:00,2979.7
2024-01-22 04:00:00,3065.7
2024-01-22 04:30:00,3157.8
2024-01-22 05:00:00,3249.3
2024-01-22 05:30:00,3329.1
2024-01-22 06:00:00,3384.9
2024-01-22 06:30:00,3405.2
2024-01-22 07:00:00,3382.7
2024-01-22 07:30:00,3316.0
2024-01-22 08:00:00,3209.9
2024-01-22 08:30:00,3074.6
2024-01-22 09:00:00,2923.3
2024-01-22 09:30:00,2769.6
2024-01-22 10:00:00,2624.1
2024-01-22 10:30:00,2492.8
2024-01-22 11:00:00,2375.8
2024-01-22 11:30:00,2267.8
2024-01-22 12:00:00,2160.3
2024-01-22 12:30:00,2043.9
2024-01-22 13:00:00,1911.4
2024-01-22 13:30:00,1760.2
2024-01-22 14:00:00,1593.5
2024-01-22 14:30:00,1420.1
2024-01-22 15:00:00,1252.6
2024-01-22 15:30:00,1105.2
2024-01-22 16:00:00,990.4
2024-01-22 16:30:00,916.6
2024-01-22 17:00:00,885.8
2024-01-22 17:30:00,894.3
2024-01-22 18:00:00,932.8
2024-01-22 18:30:00,989.8
2024-01-22 19:00:00,1053.4
2024-01-22 19:30:00,1115.3
2024-01-22 20:00:00,1171.6
2024-01-22 20:30:00,1224.4
2024-01-22 21:00:00,1280.7
2024-01-22 21:30:00,1350.2
2024-01-22 22:00:00,1442.8
2024-01-22 22:30:00,1565.5
2024-01-22 23:00:00,1720.4
2024-01-22 23:30:00,1903.3
2024-01-23 00:00:00,2107.8
2024-01-23 00:30:00,2313.9
2024-01-23 01:00:00,2509.8
2024-01-23 01:30:00,2682.9
2024-01-23 02:00:00,2824.4
2024-01-23 02:30:00,2931.8
2024-01-23 03:00:00,3008.6
2024-01-23 03:30:00,3062.8
2024-01-23 04:00:00,3104.7
2024-01-23 04:30:00,3143.9
2024-01-23 05:00:00,3186.7
2024-01-23 05:30:00,3234.0
2024-01-23 06:00:00,3281.2
2024-01-23 06:30:00,3319.1
2024-01-23 07:00:00,3336.2
2024-01-23 07:30:00,3321.1
2024-01-23 08:00:00,3266.2
2024-01-23 08:30:00,3169.1
2024-01-23 09:00:00,3033.7
2024-01-23 09:30:00,2869.5
2024-01-23 10:00:00,2690.0
2024-01-23 10:30:00,2509.2
2024-01-23 11:00:00,2339.5
2024-01-23 11:30:00,2188.5
2024-01-23 12:00:00,2058.2
2024-01-23 12:30:00,1944.7
2024-01-23 13:00:00,1840.3
2024-01-23 13:30:00,1735.3
2024-01-23 14:00:00,1621.7
2024-01-23 14:30:00,1495.2
2024-01-23 15:00:00,1357.1
2024-01-23 15:30:00,1214.3
2024-01-23 16:00:00,1078.1
2024-01-23 16:30:00,962.2
2024-01-23 17:00:00,879.0
2024-01-23 17:30:00,837.4
2024-01-23 18:00:00,840.7
2024-01-23 18:30:00,885.7
2024-01-23 19:00:00,963.6
2024-01-23 19:30:00,1062.5
2024-01-23 20:00:00,1169.6
2024-01-23 20:30:00,1274.5
2024-01-23 21:00:00,1371.3
2024-01-23 21:30:00,1459.9
2024-01-23 22:00:00,1545.6
2024-01-23 22:30:00,1637.0
2024-01-23 23:00:00,1743.8
2024-01-23 23:30:00,1873.8
2024-01-24 00:00:00,2033.3
2024-01-24 00:30:00,2213.3
2024-01-24 01:00:00,2408.8
2024-01-24 01:30:00,2606.7
2024-01-24 02:00:00,2792.6
2024-01-24 02:30:00,2953.0
2024-01-24 03:00:00,3078.3
2024-01-24 03:30:00,3164.7
2024-01-24 04:00:00,3214.7
2024-01-24 04:30:00,3235.8
2024-01-24 05:00:00,3238.7
2024-01-24 05:30:00,3234.2
2024-01-24 06:00:00,3230.4
2024-01-24 06:30:00,3230.5
2024-01-24 07:00:00,3232.1
2024-01-24 07:30:00,3228.0
2024-01-24 08:00:00,3207.5
2024-01-24 08:30:00,3160.0
2024-01-24 09:00:00,3077.2
2024-01-24 09:30:00,2955.8
2024-01-24 10:00:00,2798.6
2024-01-24 10:30:00,2614.4
2024-01-24 11:00:00,2416.3
2024-01-24 11:30:00,2218.9
2024-01-24 12:00:00,2035.5
2024-01-24 12:30:00,1875.2
2024-01-24 13:00:00,1741.8
2024-01-24 13:30:00,1632.7
2024-01-24 14:00:00,1540.9
2024-01-24 14:30:00,1456.8
2024-01-24 15:00:00,1371.2
2024-01-24 15:30:00,1278.2
2024-01-24 16:00:00,1177.1
2024-01-24 16:30:00,1072.6
2024-01-24 17:00:00,974.7
2024-01-24 17:30:00,895.7
2024-01-24 18:00:00,848.1
2024-01-24 18:30:00,841.1
2024-01-24 19:00:00,878.9
2024-01-24 19:30:00,959.0
2024-01-24 20:00:00,1073.5
2024-01-24 20:30:00,1210.1
2024-01-24 21:00:00,1355.1
2024-01-24 21:30:00,1496.7
2024-01-24 22:00:00,1627.1
2024-01-24 22:30:00,1744.1
2024-01-24 23:00:00,1851.0
2024-01-24 23:30:00,1955.6
2024-01-25 00:00:00,2070.4
2024-01-25 00:30:00,2197.5
2024-01-25 01:00:00,2344.6
2024-01-25 01:30:00,2510.8
2024-01-25 02:00:00,2689.1
2024-01-25 02:30:00,2868.0
2024-01-25 03:00:00,3033.4
2024-01-25 03:30:00,3171.7
2024-01-25 04:00:00,3272.6
2024-01-25 04:30:00,3331.3
2024-01-25 05:00:00,3349.1
2024-01-25 05:30:00,3333.3
2024-01-25 06:00:00,3294.6
2024-01-25 06:30:00,3244.9
2024-01-25 07:00:00,3194.0
2024-01-25 07:30:00,3147.4
2024-01-25 08:00:00,3105.0
2024-01-25 08:30:00,3061.4
2024-01-25 09:00:00,3007.4
2024-01-25 09:30:00,2932.6
2024-01-25 10:00:00,2828.6
2024-01-25 10:30:00,2690.9
2024-01-25 11:00:00,2521.4
2024-01-25 11:30:00,2327.6
2024-01-25 12:00:00,2121.9
2024-01-25 12:30:00,1919.1
2024-01-25 13:00:00,1733.0
2024-01-25 13:30:00,1574.3
2024-01-25 14:00:00,1447.9
2024-01-25 14:30:00,1352.7
2024-01-25 15:00:00,1282.3
2024-01-25 15:30:00,1227.0
2024-01-25 16:00:00,1176.9
2024-01-25 16:30:00,1124.3
2024-01-25 17:00:00,1066.3
2024-01-25 17:30:00,1005.6
2024-01-25 18:00:00,950.1
2024-01-25 18:30:00,911.1
2024-01-25 19:00:00,900.4
2024-01-25 19:30:00,927.6
2024-01-25 20:00:00,997.6
2024-01-25 20:30:00,1109.0
2024-01-25 21:00:00,1254.5
2024-01-25 21:30:00,1421.9
2024-01-25 22:00:00,1597.1
2024-01-25 22:30:00,1767.1
2024-01-25 23:00:00,1922.1
2024-01-25 23:30:00,2058.2
2024-01-26 00:00:00,2180.1
2024-01-26 00:30:00,2288.3
2024-01-26 01:00:00,2394.9
2024-01-26 01:30:00,2509.1
2024-01-26 02:00:00,2636.6
2024-01-26 02:30:00,2778.3
2024-01-26 03:00:00,2929.2
2024-01-26 03:30:00,3079.3
2024-01-26 04:00:00,3215.4
2024-01-26 04:30:00,3324.0
2024-01-26 05:00:00,3394.3
2024-01-26 05:30:00,3420.7
2024-01-26 06:00:00,3403.5
2024-01-26 06:30:00,3349.5
2024-01-26 07:00:00,3269.4
2024-01-26 07:30:00,3175.9
2024-01-26 08:00:00,3080.4
2024-01-26 08:30:00,2990.5
2024-01-26 09:00:00,2908.3
2024-01-26 09:30:00,2830.4
2024-01-26 10:00:00,2749.0
2024-01-26 10:30:00,2654.2
2024-01-26 11:00:00,2537.3
2024-01-26 11:30:00,2393.0
2024-01-26 12:00:00,2221.6
2024-01-26 12:30:00,2029.4
2024-01-26 13:00:00,1827.7
2024-01-26 13:30:00,1630.9
2024-01-26 14:00:00,1453.4
2024-01-26 14:30:00,1306.4
2024-01-26 15:00:00,1196.4
2024-01-26 15:30:00,1123.3
2024-01-26 16:00:00,1081.5
2024-01-26 16:30:00,1061.4
2024-01-26 17:00:00,1052.0
2024-01-26 17:30:00,1044.2
2024-01-26 18:00:00,1032.9
2024-01-26 18:30:00,1018.6
2024-01-26 19:00:00,1007.0
2024-01-26 19:30:00,1008.1
2024-01-26 20:00:00,1032.9
2024-01-26 20:30:00,1091.3
2024-01-26 21:00:00,1188.9
2024-01-26 21:30:00,1325.2
2024-01-26 22:00:00,1493.8
2024-01-26 22:30:00,1683.1
2024-01-26 23:00:00,1878.9
2024-01-26 23:30:00,2067.1
2024-01-27 00:00:00,2239.6
2024-01-27 00:30:00,2384.6
2024-01-27 01:00:00,2505.3
2024-01-27 01:30:00,2607.2
2024-01-27 02:00:00,2699.2
2024-01-27 02:30:00,2790.8
2024-01-27 03:00:00,2889.4
2024-01-27 03:30:00,2997.6
2024-01-27 04:00:00,3112.5
2024-01-27 04:30:00,3226.0
2024-01-27 05:00:00,3325.9
2024-01-27 05:30:00,3399.3
2024-01-27 06:00:00,3435.3
2024-01-27 06:30:00,3427.3
2024-01-27 07:00:00,3375.0
2024-01-27 07:30:00,3284.2
2024-01-27 08:00:00,3165.6
2024-01-27 08:30:00,3032.5
2024-01-27 09:00:00,2897.6
2024-01-27 09:30:00,2770.4
2024-01-27 10:00:00,2655.0
2024-01-27 10:30:00,2550.2
2024-01-27 11:00:00,2449.4
2024-01-27 11:30:00,2343.5
2024-01-27 12:00:00,2223.3
2024-01-27 12:30:00,2082.7
2024-01-27 13:00:00,1920.3
2024-01-27 13:30:00,1740.9
2024-01-27 14:00:00,1554.6
2024-01-27 14:30:00,1374.8
2024-01-27 15:00:00,1216.0
2024-01-27 15:30:00,1090.0
2024-01-27 16:00:00,1004.3
2024-01-27 16:30:00,959.8
2024-01-27 17:00:00,951.8
2024-01-27 17:30:00,970.6
2024-01-27 18:00:00,1004.7
2024-01-27 18:30:00,1043.4
2024-01-27 19:00:00,1079.6
2024-01-27 19:30:00,1111.3
2024-01-27 20:00:00,1142.4
2024-01-27 20:30:00,1180.9
2024-01-27 21:00:00,1237.4
2024-01-27 21:30:00,1321.6
2024-01-27 22:00:00,1439.6
2024-01-27 22:30:00,1592.5
2024-01-27 23:00:00,1774.7
2024-01-27 23:30:00,1975.5
2024-01-28 00:00:00,2184.0
2024-01-28 00:30:00,2379.2
2024-01-28 01:00:00,2552.2
2024-01-28 01:30:00,2695.7
2024-01-28 02:00:00,2808.4
2024-01-28 02:30:00,2894.7
2024-01-28 03:00:00,2963.3
2024-01-28 03:30:00,3024.1
2024-01-28 04:00:00,3086.0
2024-01-28 04:30:00,3153.6
2024-01-28 05:00:00,3226.2
2024-01-28 05:30:00,3297.4
2024-01-28 06:00:00,3356.9
2024-01-28 06:30:00,3392.3
2024-01-28 07:00:00,3392.8
2024-01-28 07:30:00,3351.1
2024-01-28 08:00:00,3266.1
2024-01-28 08:30:00,3142.6
2024-01-28 09:00:00,2991.2
2024-01-28 09:30:00,2825.2
2024-01-28 10:00:00,2658.5
2024-01-28 10:30:00,2502.2
2024-01-28 11:00:00,2362.4
2024-01-28 11:30:00,2239.5
2024-01-28 12:00:00,2128.6
2024-01-28 12:30:00,2021.2
2024-01-28 13:00:00,1907.8
2024-01-28 13:30:00,1781.3
2024-01-28 14:00:00,1638.6
2024-01-28 14:30:00,1482.7
2024-01-28 15:00:00,1322.1
2024-01-28 15:30:00,1169.1
2024-01-28 16:00:00,1037.7
2024-01-28 16:30:00,940.2
2024-01-28 17:00:00,884.7
2024-01-28 17:30:00,873.2
2024-01-28 18:00:00,901.5
2024-01-28 18:30:00,960.5
2024-01-28 19:00:00,1038.0
2024-01-28 19:30:00,1122.0
2024-01-28 20:00:00,1203.5
2024-01-28 20:30:00,1278.2
2024-01-28 21:00:00,1347.8
2024-01-28 21:30:00,1418.8
2024-01-28 22:00:00,1500.7
2024-01-28 22:30:00,1603.1
2024-01-28 23:00:00,1733.1
2024-01-28 23:30:00,1892.6
2024-01-29 00:00:00,2080.8
2024-01-29 00:30:00,2281.8
2024-01-29 01:00:00,2485.2
2024-01-29 01:30:00,2676.2
2024-01-29 02:00:00,2841.9
2024-01-29 02:30:00,2973.8
2024-01-29 03:00:00,3069.3
2024-01-29 03:30:00,3132.0
2024-01-29 04:00:00,3169.9
2024-01-29 04:30:00,3193.8
2024-01-29 05:00:00,3213.5
2024-01-29 05:30:00,3235.8
2024-01-29 06:00:00,3262.1
2024-01-29 06:30:00,3288.4
2024-01-29 07:00:00,3305.8
2024-01-29 07:30:00,3303.2
2024-01-29 08:00:00,3269.6
2024-01-29 08:30:00,3197.6
2024-01-29 09:00:00,3084.8
2024-01-29 09:30:00,2935.4
2024-01-29 10:00:00,2758.9
2024-01-29 10:30:00,2569.0
2024-01-29 11:00:00,2380.0
2024-01-29 11:30:00,2204.4
2024-01-29 12:00:00,2050.1
2024-01-29 12:30:00,1919.2
2024-01-29 13:00:00,1808.1
2024-01-29 13:30:00,1708.9
2024-01-29 14:00:00,1612.1
2024-01-29 14:30:00,1509.4
2024-01-29 15:00:00,1396.0
2024-01-29 15:30:00,1273.0
2024-01-29 16:00:00,1146.9
2024-01-29 16:30:00,1028.7
2024-01-29 17:00:00,931.5
2024-01-29 17:30:00,867.6
2024-01-29 18:00:00,845.8
2024-01-29 18:30:00,868.9
2024-01-29 19:00:00,933.8
2024-01-29 19:30:00,1031.4
2024-01-29 20:00:00,1149.4
2024-01-29 20:30:00,1274.6
2024-01-29 21:00:00,1396.4
2024-01-29 21:30:00,1508.4
2024-01-29 22:00:00,1610.1
2024-01-29 22:30:00,1706.3
2024-01-29 23:00:00,1805.5
2024-01-29 23:30:00,1917.3
2024-01-30 00:00:00,2052.4
2024-01-30 00:30:00,2208.0
2024-01-30 01:00:00,2384.9
2024-01-30 01:30:00,2574.6
2024-01-30 02:00:00,2764.7
2024-01-30 02:30:00,2940.6
2024-01-30 03:00:00,3089.0
2024-01-30 03:30:00,3200.4
2024-01-30 04:00:00,3271.1
2024-01-30 04:30:00,3303.8
2024-01-30 05:00:00,3306.1
2024-01-30 05:30:00,3289.0
2024-01-30 06:00:00,3263.6
2024-01-30 06:30:00,3238.6
2024-01-30 07:00:00,3217.7
2024-01-30 07:30:00,3199.0
2024-01-30 08:00:00,3175.7
2024-01-30 08:30:00,3137.5
2024-01-30 09:00:00,3074.1
2024-01-30 09:30:00,2977.4
2024-01-30 10:00:00,2844.1
2024-01-30 10:30:00,2677.2
2024-01-30 11:00:00,2485.5
2024-01-30 11:30:00,2282.1
2024-01-30 12:00:00,2081.7
2024-01-30 12:30:00,1897.7
2024-01-30 13:00:00,1739.5
2024-01-30 13:30:00,1610.8
2024-01-30 14:00:00,1509.2
2024-01-30 14:30:00,1427.6
2024-01-30 15:00:00,1356.1
2024-01-30 15:30:00,1285.5
2024-01-30 16:00:00,1209.5
2024-01-30 16:30:00,1126.8
2024-01-30 17:00:00,1041.8
2024-01-30 17:30:00,963.8
2024-01-30 18:00:00,905.1
2024-01-30 18:30:00,877.6
2024-01-30 19:00:00,890.4
2024-01-30 19:30:00,947.3
2024-01-30 20:00:00,1045.9
2024-01-30 20:30:00,1177.9
2024-01-30 21:00:00,1330.7
2024-01-30 21:30:00,1490.7
2024-01-30 22:00:00,1645.4
2024-01-30 22:30:00,1786.7
2024-01-30 23:00:00,1912.1
2024-01-30 23:30:00,2024.7
2024-01-31 00:00:00,2135.0
2024-01-31 00:30:00,2246.4
2024-01-31 01:00:00,2370.3
2024-01-31 01:30:00,2511.4
2024-01-31 02:00:00,2669.1
2024-01-31 02:30:00,2836.7
2024-01-31 03:00:00,3003.0
2024-01-31 03:30:00,3154.1
2024-01-31 04:00:00,3276.5
2024-01-31 04:30:00,3360.3
2024-01-31 05:00:00,3400.6
2024-01-31 05:30:00,3399.1
2024-01-31 06:00:00,3363.2
2024-01-31 06:30:00,3303.9
2024-01-31 07:00:00,3233.4
2024-01-31 07:30:00,3162.1
2024-01-31 08:00:00,3095.9
2024-01-31 08:30:00,3035.1
2024-01-31 09:00:00,2974.9
2024-01-31 09:30:00,2906.4
2024-01-31 10:00:00,2819.4
2024-01-31 10:30:00,2705.7
2024-01-31 11:00:00,2560.8
2024-01-31 11:30:00,2386.6
2024-01-31 12:00:00,2190.5
2024-01-31 12:30:00,1984.9
2024-01-31 13:00:00,1784.5
2024-01-31 13:30:00,1603.3
2024-01-31 14:00:00,1451.8
2024-01-31 14:30:00,1335.0
2024-01-31 15:00:00,1251.8
2024-01-31 15:30:00,1195.8
2024-01-31 16:00:00,1157.0
2024-01-31 16:30:00,1125.0
2024-01-31 17:00:00,1092.0
2024-01-31 17:30:00,1054.5
2024-01-31 18:00:00,1014.7
2024-01-31 18:30:00,980.0
2024-01-31 19:00:00,961.3
2024-01-31 19:30:00,970.0
2024-01-31 20:00:00,1015.7
2024-01-31 20:30:00,1102.8
2024-01-31 21:00:00,1229.9
2024-01-31 21:30:00,1389.5
2024-01-31 22:00:00,1569.4
2024-01-31 22:30:00,1755.2
2024-01-31 23:00:00,1933.5
2024-01-31 23:30:00,2094.5
